R2,MSE,RMSE,MAE,MAPE
0.94933,0.004234,0.065073,0.034046,61238.896607
