R2,MSE,RMSE,MAE,MAPE
0.944461,0.004641,0.068128,0.036882,61684.7543
