R2,MSE,RMSE,MAE,MAPE
0.950815,0.00411,0.064113,0.033096,34203.269898
