R2,MSE,RMSE,MAE,MAPE,Steps
0.846326,0.012824,0.113241,0.070431,96947.312599,6
0.908509,0.007639,0.087403,0.052768,105237.451788,5
0.950965,0.004097,0.064006,0.038003,63408.889812,4
0.976295,0.001982,0.044516,0.027014,38473.646812,3
0.989305,0.000895,0.02991,0.019224,45394.196411,2
0.995072,0.000412,0.020307,0.013851,20647.028378,1
