R2,MSE,RMSE,MAE,MAPE,Steps
0.855833,0.01203,0.109682,0.067356,52759.064262,6
0.915398,0.007064,0.084048,0.049995,67464.342785,5
0.95549,0.003719,0.060981,0.035499,69405.200355,4
0.979869,0.001683,0.041023,0.023992,59012.244777,3
0.992289,0.000645,0.025397,0.015925,71011.164192,2
0.996822,0.000266,0.016309,0.011507,47781.363271,1
