R2,MSE,RMSE,MAE,MAPE,Steps
0.859965,0.011685,0.108099,0.066158,15626.72222,6
0.917744,0.006868,0.082875,0.048858,42472.908557,5
0.956657,0.003621,0.060177,0.034634,43838.03293,4
0.980388,0.00164,0.040491,0.023234,32379.31729,3
0.992641,0.000616,0.024811,0.01508,32255.336915,2
0.99722,0.000233,0.015253,0.010613,38647.301475,1
