R2,MSE,RMSE,MAE,MAPE,Steps
0.855875,0.012027,0.109666,0.068494,84501.131346,6
0.914428,0.007145,0.084529,0.051155,57083.941423,5
0.954314,0.003817,0.061782,0.036415,61525.459463,4
0.979227,0.001737,0.041672,0.024413,36521.477299,3
0.992183,0.000654,0.02557,0.015902,61496.69189,2
0.997084,0.000244,0.015622,0.011058,68705.015456,1
