R2,MSE,RMSE,MAE,MAPE
0.927062,0.002965,0.05445,0.028183,2862788.252755
