R2,MSE,RMSE,MAE,MAPE
0.945445,0.004885,0.069891,0.040366,36063.827098
