R2,MSE,RMSE,MAE,MAPE
0.9608,92.819397,9.634282,5.5637,23.7686
