R2,MSE,RMSE,MAE,MAPE
0.9765,71.409633,8.450422,4.9672,30.6467
