R2,MSE,RMSE,MAE,MAPE
0.927127,0.005134,0.071653,0.044984,23.441012
