R2,MSE,RMSE,MAE,MAPE
0.9782152750741219,59.31488261023497,7.701615584423503,4.147679240077636,29.93992933032319
