R2,MSE,RMSE,MAE,MAPE
0.944424,0.004976,0.070542,0.034327,27116.724173
