R2,MSE,RMSE,MAE,MAPE
0.905251,0.004141,0.06435,0.038803,54.236805
