R2,MSE,RMSE,MAE,MAPE
0.883737,0.011237,0.106005,0.070017,746906.592632
