R2,MSE,RMSE,MAE,MAPE
0.9787,64.511653,8.031915,4.6693,29.7516
