R2,MSE,RMSE,MAE,MAPE
0.9755,74.418134,8.626595,5.0658,33.8719
