R2,MSE,RMSE,MAE,MAPE
0.879947,0.014984,0.122409,0.084118,39961302.584519
