R2,MSE,RMSE,MAE,MAPE
0.9822,54.008216,7.349028,4.2996,26.9589
