R2,MSE,RMSE,MAE,MAPE
0.9805,59.250011,7.697403,4.5708,31.1491
