R2,MSE,RMSE,MAE,MAPE,Steps
0.807292,0.013539,0.116359,0.082768,43.140751,6
0.881402,0.008342,0.091333,0.06284,31.269582,5
0.933106,0.00471,0.068631,0.046911,23.209297,4
0.96551,0.002431,0.049308,0.034379,18.725614,3
0.983765,0.001146,0.033849,0.024228,14.03981,2
0.990985,0.000637,0.025237,0.018778,10.261018,1
