R2,MSE,RMSE,MAE,MAPE,Steps
0.71229,0.027784,0.166684,0.121159,1496931.079986,6
0.811036,0.018255,0.13511,0.096981,1038550.402474,5
0.886981,0.010923,0.104512,0.07543,413964.393424,4
0.938985,0.005899,0.076805,0.056004,292607.775471,3
0.969297,0.002969,0.05449,0.040311,544532.787615,2
0.983522,0.001594,0.03992,0.030219,694853.116823,1
