R2,MSE,RMSE,MAE,MAPE,Steps
0.771036,0.00997,0.099848,0.066354,100.196403,6
0.849255,0.006575,0.081086,0.052787,73.78189,5
0.908656,0.003991,0.063176,0.040831,53.932089,4
0.94787,0.002281,0.047758,0.031036,38.172237,3
0.971349,0.001255,0.035424,0.023285,28.722565,2
0.98233,0.000774,0.027828,0.018525,30.615644,1
