R2,MSE,RMSE,MAE,MAPE,Steps
0.9363,26752614.83822,5172.292996,2684.605,10896259189.2339,1
