R2,MSE,RMSE,MAE,MAPE,Steps
0.886037,0.014224,0.119265,0.080644,35502262.35979,1
