R2,MSE,RMSE,MAE,MAPE,Steps
0.797194,0.008243,0.09079,0.054403,4115732.388377,6
0.879286,0.004906,0.070046,0.040683,3475824.572532,5
0.934849,0.002648,0.051458,0.029215,2941613.163687,4
0.969224,0.001251,0.035367,0.02031,2507150.047978,3
0.987551,0.000506,0.022495,0.013963,2132149.668175,2
0.994229,0.000235,0.015319,0.010524,2004259.675783,1
