R2,MSE,RMSE,MAE,MAPE,Steps
0.855081,0.012977,0.113915,0.07274,54915.181888,6
0.912726,0.007815,0.0884,0.054934,19190.984313,5
0.951527,0.00434,0.06588,0.040411,26078.394164,4
0.974958,0.002242,0.047352,0.030078,16347.91586,3
0.986882,0.001175,0.034271,0.0237,37526.154185,2
0.99151,0.00076,0.02757,0.020336,62324.332176,1
