R2,MSE,RMSE,MAE,MAPE,Steps
0.840556,0.014277,0.119487,0.071374,40799.096596,6
0.905497,0.008462,0.091989,0.052364,34339.659971,5
0.950775,0.004408,0.06639,0.036129,21516.12726,4
0.978727,0.001905,0.043643,0.023141,14459.613465,3
0.992967,0.00063,0.025093,0.014011,23023.651889,2
0.998039,0.000176,0.013252,0.008945,28562.195859,1
