R2,MSE,MAE,Steps
0.7986,420.920699,11.3298,4
0.849,315.387584,9.6539,3
0.9094,188.959707,7.3918,2
0.9642,74.483256,4.7065,1
