R2,MSE,RMSE,MAE,MAPE
0.87322,0.010595,0.102932,0.066227,94062.390358
