R2,MSE,RMSE,MAE,MAPE
0.883676,0.009721,0.098596,0.062498,143566.135705
