R2,MSE,RMSE,MAE,MAPE
0.878736,0.010134,0.100668,0.063949,129722.939539
