R2,MSE,RMSE,MAE,MAPE
0.934155,0.005503,0.07418,0.044364,122545.447757
