R2,MSE,RMSE,MAE,MAPE
0.935904,0.005357,0.073188,0.042481,50011.216011
