R2,MSE,RMSE,MAE,MAPE
0.926589,0.006135,0.078326,0.048134,90819.319617
