R2,MSE,RMSE,MAE,MAPE
0.932081,0.005676,0.075339,0.046207,234674.334948
