R2,MSE,RMSE,MAE,MAPE
0.878696,0.010137,0.100685,0.064138,166861.164304
