R2,MSE,RMSE,MAE,MAPE
0.94311,0.004754,0.068952,0.040434,101953.077723
