R2,MSE,RMSE,MAE,MAPE
0.935205,0.005415,0.073586,0.044497,103532.042746
