R2,MSE,RMSE,MAE,MAPE,Steps
0.825604,0.014553,0.120635,0.081493,110734.243191,6
0.894674,0.008794,0.093779,0.061324,41911.719791,5
0.941527,0.004885,0.069895,0.044733,53948.527551,4
0.971415,0.00239,0.048884,0.030908,28392.142428,3
0.988323,0.000977,0.031253,0.020202,7031.02586,2
0.993546,0.00054,0.02324,0.016225,58049.637245,1
