R2,MSE,RMSE,MAE,MAPE,Steps
0.719952,0.023369,0.152869,0.109277,96734.963985,6
0.808288,0.016008,0.126521,0.088841,157300.287603,5
0.882052,0.009854,0.099269,0.068625,240050.053675,4
0.9354,0.0054,0.073487,0.050222,224952.180884,3
0.969614,0.002542,0.050414,0.03452,117226.035955,2
0.986203,0.001155,0.03398,0.023505,25133.292129,1
