R2,MSE,RMSE,MAE,MAPE,Steps
0.825256,0.014582,0.120755,0.082243,166842.815702,6
0.891368,0.009071,0.09524,0.06375,288827.37747,5
0.937048,0.00526,0.072523,0.048311,380682.754892,4
0.96664,0.002789,0.052809,0.035457,293023.743226,3
0.982761,0.001442,0.037973,0.026154,190816.358959,2
0.989088,0.000913,0.03022,0.021326,87852.959441,1
