R2,MSE,RMSE,MAE,MAPE,Steps
0.700632,0.024981,0.158054,0.114841,123909.770066,6
0.790932,0.017457,0.132124,0.09455,63432.663222,5
0.868966,0.010948,0.104631,0.073357,94221.583186,4
0.927144,0.006091,0.078042,0.053932,111782.478568,3
0.966417,0.002809,0.053,0.036236,112819.084205,2
0.984641,0.001285,0.035852,0.024444,58208.762901,1
