R2,MSE,RMSE,MAE,MAPE,Steps
0.833044,0.013932,0.118033,0.07737,254782.361434,6
0.894774,0.008786,0.093735,0.060933,165821.509456,5
0.938086,0.005173,0.071922,0.046659,122827.677619,4
0.966937,0.002764,0.052573,0.034535,79559.926548,3
0.982807,0.001438,0.037922,0.025673,54489.342998,2
0.988967,0.000923,0.030387,0.021017,57791.868488,1
