R2,MSE,RMSE,MAE,MAPE,Steps
0.832642,0.013965,0.118175,0.078631,155939.277971,6
0.896837,0.008614,0.092811,0.060901,166429.135724,5
0.941063,0.004924,0.070172,0.045857,91208.39768,4
0.967727,0.002698,0.051942,0.034639,59295.48642,3
0.983591,0.001372,0.037047,0.025551,76728.396017,2
0.989055,0.000916,0.030265,0.021402,71591.562666,1
