R2,MSE,RMSE,MAE,MAPE,Steps
0.814481,0.015481,0.124422,0.083797,212488.851385,6
0.881897,0.009861,0.099305,0.066383,33779.036151,5
0.931568,0.005717,0.075613,0.050365,52512.578223,4
0.962637,0.003123,0.055888,0.037759,51523.849614,3
0.980993,0.00159,0.039872,0.027659,90203.347464,2
0.987606,0.001037,0.032207,0.022839,104408.254866,1
