R2,MSE,RMSE,MAE,MAPE,Steps
0.846806,0.012784,0.113064,0.074681,122734.112756,6
0.907655,0.007711,0.08781,0.056858,144583.881055,5
0.94906,0.004256,0.065237,0.041845,142145.110409,4
0.974826,0.002104,0.045875,0.029829,84568.439308,3
0.987892,0.001013,0.031823,0.021443,64315.726254,2
0.992127,0.000659,0.025669,0.017945,53371.196558,1
