R2,MSE,RMSE,MAE,MAPE,Steps
0.710969,0.024119,0.155302,0.112719,382449.060691,6
0.798838,0.016797,0.129602,0.092472,204385.907891,5
0.873339,0.010582,0.10287,0.072003,55137.191754,4
0.93024,0.005832,0.076366,0.052527,47060.05308,3
0.968939,0.002598,0.050971,0.034246,58629.338421,2
0.989517,0.000877,0.029619,0.019727,30676.085397,1
