R2,MSE,RMSE,MAE,MAPE,Steps
0.711839,0.024046,0.155068,0.111318,453939.801447,6
0.798925,0.016789,0.129574,0.091931,306744.022864,5
0.872863,0.010622,0.103063,0.072277,110875.192609,4
0.930313,0.005826,0.076326,0.053047,35312.439547,3
0.968987,0.002594,0.050932,0.03503,42047.250514,2
0.988679,0.000947,0.03078,0.021225,52248.278842,1
