R2,MSE,RMSE,MAE,MAPE,Steps
0.712320509,0.02407007,0.15745507,0.11255531,96734.96399,6
0.799720147,0.01648824,0.13031663,0.09150623,157300.2876,5
0.872702249,0.01014962,0.10224707,0.07068375,240050.0537,4
0.92548476,0.005562,0.07569161,0.05172866,224952.1809,3
0.959336092,0.00261826,0.05192642,0.0355556,117226.036,2
0.985749248,0.00118965,0.0349994,0.02421015,25133.29213,1
